{
    "root_group": {
        "name": "",
        "path": "",
        "id": "d41d8cd98f00b204e9800998ecf8427e",
        "groups": {},
        "checks": {
                "created session": {
                    "name": "created session",
                    "path": "::created session",
                    "id": "67b83632cf44d012067cf046f9eddf2f",
                    "passes": 300,
                    "fails": 0
                },
                "websocket connected": {
                    "path": "::websocket connected",
                    "id": "b42476f5215121addbda6bdc3b2e1bf5",
                    "passes": 260,
                    "fails": 40,
                    "name": "websocket connected"
                },
                "report posted": {
                    "id": "8b9fcce8344e4c85faa0c74adff14bd4",
                    "passes": 300,
                    "fails": 0,
                    "name": "report posted",
                    "path": "::report posted"
                }
            }
    },
    "metrics": {
        "ws_connecting": {
            "avg": 2414.1175080066673,
            "min": 20.409249,
            "med": 1282.307887,
            "max": 8646.021687,
            "p(90)": 6146.739805200001,
            "p(95)": 6634.99868635
        },
        "data_received": {
            "count": 4074805,
            "rate": 15850.74547267149
        },
        "iteration_duration": {
            "min": 5807.192845,
            "med": 87749.521183,
            "max": 127946.153293,
            "p(90)": 105066.44600160002,
            "p(95)": 111675.84851865002,
            "avg": 81212.49198275998
        },
        "http_req_blocked": {
            "med": 1.0453995,
            "max": 41.579812,
            "p(90)": 5.5487687,
            "p(95)": 5.996411549999994,
            "avg": 1.973520945000004,
            "min": 0.000216
        },
        "checks": {
            "passes": 860,
            "fails": 40,
            "value": 0.9555555555555556
        },
        "ws_sessions": {
            "count": 300,
            "rate": 1.1669818903730234
        },
        "http_req_duration": {
            "min": 27.724798,
            "med": 9344.575927999998,
            "max": 45004.285341,
            "p(90)": 26373.9778099,
            "p(95)": 30076.614386299996,
            "avg": 10955.839458374989
        },
        "ws_msgs_sent": {
            "count": 2340,
            "rate": 9.102458744909582
        },
        "ws_session_duration": {
            "p(95)": 76603.03231660002,
            "avg": 59296.306121343376,
            "min": 4615.894217,
            "med": 64750.9268915,
            "max": 95153.323211,
            "p(90)": 71132.32239670001
        },
        "data_sent": {
            "count": 4877942622,
            "rate": 18974902.340509005
        },
        "http_req_duration{expected_response:true}": {
            "p(90)": 26373.9778099,
            "p(95)": 30076.614386299996,
            "avg": 10955.839458374989,
            "min": 27.724798,
            "med": 9344.575927999998,
            "max": 45004.285341
        },
        "http_req_connecting": {
            "max": 2.445448,
            "p(90)": 1.3656678,
            "p(95)": 1.401324849999999,
            "avg": 0.37939382166666646,
            "min": 0,
            "med": 0.110311
        },
        "http_req_waiting": {
            "p(90)": 26373.8730901,
            "p(95)": 30076.51980575,
            "avg": 10955.685166871666,
            "min": 27.649179,
            "med": 9344.463648500001,
            "max": 45004.194144
        },
        "http_req_sending": {
            "max": 0.156727,
            "p(90)": 0.1059543,
            "p(95)": 0.11258739999999996,
            "avg": 0.06844677833333329,
            "min": 0.025106,
            "med": 0.068272
        },
        "vus_max": {
            "value": 300,
            "min": 300,
            "max": 300
        },
        "http_req_receiving": {
            "min": 0.032369,
            "med": 0.062107,
            "max": 0.274812,
            "p(90)": 0.2262936,
            "p(95)": 0.23658744999999998,
            "avg": 0.08584472499999994
        },
        "iterations": {
            "count": 300,
            "rate": 1.1669818903730234
        },
        "http_req_failed": {
            "passes": 0,
            "fails": 600,
            "value": 0
        },
        "http_req_tls_handshaking": {
            "avg": 1.4825291933333327,
            "min": 0,
            "med": 0.893326,
            "max": 5.319628,
            "p(90)": 4.082510500000001,
            "p(95)": 4.47052525
        },
        "vus": {
            "min": 1,
            "max": 158,
            "value": 2
        },
        "http_reqs": {
            "count": 600,
            "rate": 2.3339637807460467
        }
    }
}