{
    "root_group": {
        "name": "",
        "path": "",
        "id": "d41d8cd98f00b204e9800998ecf8427e",
        "groups": {},
        "checks": {
                "created session": {
                    "name": "created session",
                    "path": "::created session",
                    "id": "67b83632cf44d012067cf046f9eddf2f",
                    "passes": 500,
                    "fails": 0
                },
                "websocket connected": {
                    "name": "websocket connected",
                    "path": "::websocket connected",
                    "id": "b42476f5215121addbda6bdc3b2e1bf5",
                    "passes": 500,
                    "fails": 0
                },
                "report posted": {
                    "fails": 0,
                    "name": "report posted",
                    "path": "::report posted",
                    "id": "8b9fcce8344e4c85faa0c74adff14bd4",
                    "passes": 500
                }
            }
    },
    "metrics": {
        "http_req_sending": {
            "p(90)": 0.1151115,
            "p(95)": 0.12259625,
            "avg": 0.08118500899999993,
            "min": 0.027347,
            "med": 0.0825105,
            "max": 0.202961
        },
        "http_req_duration{expected_response:true}": {
            "p(90)": 24650.6221301,
            "p(95)": 27961.115174099996,
            "avg": 10775.180901976999,
            "min": 31.287021,
            "med": 11055.7993945,
            "max": 44022.10317
        },
        "ws_sessions": {
            "rate": 0.7937874900792693,
            "count": 514
        },
        "ws_msgs_sent": {
            "rate": 9.266001829719096,
            "count": 6000
        },
        "http_req_waiting": {
            "avg": 10775.010479967983,
            "min": 31.126153,
            "med": 11055.657717499998,
            "max": 44021.977119,
            "p(90)": 24650.4399719,
            "p(95)": 27960.978119899995
        },
        "ws_connecting": {
            "avg": 1303.3488298599218,
            "min": 19.575637,
            "med": 291.42544,
            "max": 8572.729926,
            "p(90)": 4400.7113788,
            "p(95)": 5487.323077999997
        },
        "http_req_failed": {
            "passes": 0,
            "fails": 1000,
            "value": 0
        },
        "data_sent": {
            "count": 13400337346,
            "rate": 20694591.727814857
        },
        "http_req_blocked": {
            "avg": 2.216651296000003,
            "min": 0.000237,
            "med": 1.0507460000000002,
            "max": 144.469609,
            "p(90)": 5.5774891,
            "p(95)": 5.79244195
        },
        "http_req_receiving": {
            "avg": 0.08923700000000022,
            "min": 0.033851,
            "med": 0.064881,
            "max": 0.643254,
            "p(90)": 0.2244808,
            "p(95)": 0.23924165
        },
        "http_req_connecting": {
            "avg": 0.42383256499999994,
            "min": 0,
            "med": 0.114773,
            "max": 52.195553,
            "p(90)": 1.365723,
            "p(95)": 1.3940224499999998
        },
        "checks": {
            "passes": 1500,
            "fails": 0,
            "value": 1
        },
        "iterations": {
            "count": 500,
            "rate": 0.772166819143258
        },
        "ws_session_duration": {
            "max": 146426.79441,
            "p(90)": 100058.8014104,
            "p(95)": 114009.64965085,
            "avg": 92675.12496983273,
            "min": 280.080209,
            "med": 91793.1008095
        },
        "data_received": {
            "count": 7418821,
            "rate": 11457.13482672641
        },
        "vus": {
            "max": 129,
            "value": 1,
            "min": 0
        },
        "http_req_tls_handshaking": {
            "p(90)": 4.1112516999999995,
            "p(95)": 4.30219625,
            "avg": 1.466813463,
            "min": 0,
            "med": 0.890773,
            "max": 5.728256
        },
        "iteration_duration": {
            "avg": 116853.42512197403,
            "min": 99583.844691,
            "med": 113830.3178295,
            "max": 173150.021645,
            "p(90)": 136436.4423077,
            "p(95)": 144060.96299504998
        },
        "vus_max": {
            "value": 500,
            "min": 500,
            "max": 500
        },
        "http_reqs": {
            "count": 1000,
            "rate": 1.544333638286516
        },
        "http_req_duration": {
            "max": 44022.10317,
            "p(90)": 24650.6221301,
            "p(95)": 27961.115174099996,
            "avg": 10775.180901976999,
            "min": 31.287021,
            "med": 11055.7993945
        }
    }
}