{
    "metrics": {
        "ws_session_duration": {
            "min": 5061.903369,
            "med": 92083.02989549999,
            "max": 149377.636497,
            "p(90)": 109918.45738850001,
            "p(95)": 123646.82721284992,
            "avg": 91586.63101421138
        },
        "ws_msgs_sent": {
            "rate": 9.186909673114211,
            "count": 5988
        },
        "iteration_duration": {
            "p(95)": 150156.9453157,
            "avg": 118942.43964141607,
            "min": 34438.750688,
            "med": 114083.8642975,
            "max": 193999.97019,
            "p(90)": 141752.66712310002
        },
        "http_req_duration{expected_response:true}": {
            "avg": 10847.690139919909,
            "min": 31.12116,
            "med": 11466.476664,
            "max": 42511.110517,
            "p(90)": 23985.541970600003,
            "p(95)": 29223.5161869
        },
        "data_received": {
            "rate": 11477.710399330766,
            "count": 7481137
        },
        "vus_max": {
            "max": 500,
            "value": 500,
            "min": 500
        },
        "http_req_blocked": {
            "min": 0.000241,
            "med": 1.0666904999999998,
            "max": 96.422247,
            "p(90)": 5.6475363,
            "p(95)": 6.266109799999995,
            "avg": 2.1520427120000027
        },
        "http_req_duration": {
            "avg": 10896.84300011299,
            "min": 31.12116,
            "med": 11467.20298,
            "max": 60000.550333,
            "p(90)": 24077.870638900007,
            "p(95)": 29243.745493349998
        },
        "http_req_connecting": {
            "med": 0.1123235,
            "max": 1.738992,
            "p(90)": 1.3758663,
            "p(95)": 1.4285622999999994,
            "avg": 0.41298364800000004,
            "min": 0
        },
        "http_req_receiving": {
            "avg": 0.08691260699999993,
            "min": 0,
            "med": 0.06479750000000001,
            "max": 0.319046,
            "p(90)": 0.21653500000000003,
            "p(95)": 0.2404935
        },
        "checks": {
            "passes": 1498,
            "fails": 1,
            "value": 0.9993328885923949
        },
        "http_req_sending": {
            "avg": 0.08086736700000009,
            "min": 0.032579,
            "med": 0.08052599999999999,
            "max": 0.275296,
            "p(90)": 0.1141437,
            "p(95)": 0.1197734
        },
        "http_req_waiting": {
            "avg": 10896.675220138994,
            "min": 30.986327,
            "med": 11467.032201999999,
            "max": 60000.516753,
            "p(90)": 24077.69314460001,
            "p(95)": 29243.645284499995
        },
        "http_req_tls_handshaking": {
            "p(95)": 4.71342535,
            "avg": 1.5602324219999988,
            "min": 0,
            "med": 0.894287,
            "max": 6.515984,
            "p(90)": 4.1753321
        },
        "ws_sessions": {
            "count": 530,
            "rate": 0.8131366277138496
        },
        "http_req_failed": {
            "passes": 1,
            "fails": 999,
            "value": 0.001
        },
        "data_sent": {
            "count": 13373556884,
            "rate": 20517979.141877547
        },
        "iterations": {
            "count": 500,
            "rate": 0.7671100261451412
        },
        "vus": {
            "value": 1,
            "min": 0,
            "max": 127
        },
        "http_reqs": {
            "count": 1000,
            "rate": 1.5342200522902825
        },
        "ws_connecting": {
            "max": 8302.394711,
            "p(90)": 4963.4528779,
            "p(95)": 6031.037929199999,
            "avg": 1489.4302412886798,
            "min": 19.60682,
            "med": 418.965593
        }
    },
    "root_group": {
        "name": "",
        "path": "",
        "id": "d41d8cd98f00b204e9800998ecf8427e",
        "groups": {},
        "checks": {
                "created session": {
                    "name": "created session",
                    "path": "::created session",
                    "id": "67b83632cf44d012067cf046f9eddf2f",
                    "passes": 500,
                    "fails": 0
                },
                "websocket connected": {
                    "name": "websocket connected",
                    "path": "::websocket connected",
                    "id": "b42476f5215121addbda6bdc3b2e1bf5",
                    "passes": 499,
                    "fails": 0
                },
                "report posted": {
                    "name": "report posted",
                    "path": "::report posted",
                    "id": "8b9fcce8344e4c85faa0c74adff14bd4",
                    "passes": 499,
                    "fails": 1
                }
            }
    }
}