{
    "metrics": {
        "http_req_waiting": {
            "p(90)": 20544.889948000004,
            "p(95)": 25005.556641599967,
            "avg": 9485.758685443432,
            "min": 31.290715,
            "med": 10960.88132,
            "max": 60000.37597
        },
        "data_received": {
            "rate": 11884.611306235734,
            "count": 7337010
        },
        "http_req_blocked": {
            "avg": 2.2084158938938963,
            "min": 0.00023,
            "med": 2.128606,
            "max": 113.84691,
            "p(90)": 5.6198806,
            "p(95)": 6.5146541
        },
        "iteration_duration": {
            "med": 109882.5302455,
            "max": 152785.388992,
            "p(90)": 123188.9330684,
            "p(95)": 128134.21857009998,
            "avg": 111705.95358421994,
            "min": 606.732189
        },
        "http_req_tls_handshaking": {
            "avg": 1.5437305535535528,
            "min": 0,
            "med": 1.781644,
            "max": 8.332025,
            "p(90)": 4.1545558,
            "p(95)": 4.7153939
        },
        "http_req_receiving": {
            "med": 0.063917,
            "max": 0.26873,
            "p(90)": 0.2172146,
            "p(95)": 0.234933,
            "avg": 0.08552435535535538,
            "min": 0
        },
        "ws_connecting": {
            "avg": 837.9621697191228,
            "min": 19.708041,
            "med": 58.238921500000004,
            "max": 7481.416529,
            "p(90)": 2687.5180895000008,
            "p(95)": 4279.45062125
        },
        "data_sent": {
            "count": 13373529485,
            "rate": 21662666.361597974
        },
        "vus_max": {
            "max": 500,
            "value": 500,
            "min": 500
        },
        "ws_session_duration": {
            "max": 129344.698257,
            "p(90)": 95249.4431686,
            "p(95)": 96965.0533391,
            "avg": 92372.58798598612,
            "min": 5468.241106,
            "med": 91634.2592265
        },
        "http_req_duration": {
            "med": 10960.987315,
            "max": 60000.442839,
            "p(90)": 20545.015050600003,
            "p(95)": 25005.709677499966,
            "avg": 9485.925952315305,
            "min": 31.532386
        },
        "iterations": {
            "count": 500,
            "rate": 0.8099083486485458
        },
        "vus": {
            "value": 1,
            "min": 0,
            "max": 119
        },
        "ws_msgs_sent": {
            "count": 5988,
            "rate": 9.699462383414984
        },
        "ws_sessions": {
            "count": 502,
            "rate": 0.81314798204314
        },
        "checks": {
            "passes": 1494,
            "fails": 4,
            "value": 0.9973297730307076
        },
        "http_reqs": {
            "rate": 1.6181968805997946,
            "count": 999
        },
        "http_req_connecting": {
            "med": 0.227459,
            "max": 1.806061,
            "p(90)": 1.3716572,
            "p(95)": 1.4105971999999989,
            "avg": 0.40761397797797816,
            "min": 0
        },
        "http_req_sending": {
            "max": 0.441486,
            "p(90)": 0.11513100000000001,
            "p(95)": 0.1226106,
            "avg": 0.08174251651651647,
            "min": 0.030244,
            "med": 0.084861
        },
        "http_req_failed": {
            "fails": 995,
            "passes": 4,
            "value": 0.004004004004004004
        },
        "http_req_duration{expected_response:true}": {
            "p(95)": 24678.498886199985,
            "avg": 9402.461406960792,
            "min": 31.532386,
            "med": 10960.987315,
            "max": 46914.086145,
            "p(90)": 20475.492375200003
        }
    },
    "root_group": {
        "name": "",
        "path": "",
        "id": "d41d8cd98f00b204e9800998ecf8427e",
        "groups": {},
        "checks": {
                "created session": {
                    "name": "created session",
                    "path": "::created session",
                    "id": "67b83632cf44d012067cf046f9eddf2f",
                    "passes": 499,
                    "fails": 1
                },
                "websocket connected": {
                    "fails": 0,
                    "name": "websocket connected",
                    "path": "::websocket connected",
                    "id": "b42476f5215121addbda6bdc3b2e1bf5",
                    "passes": 499
                },
                "report posted": {
                    "name": "report posted",
                    "path": "::report posted",
                    "id": "8b9fcce8344e4c85faa0c74adff14bd4",
                    "passes": 496,
                    "fails": 3
                }
            }
    }
}